{
  "模型名称": "LinearRegression_Diabetes",
  "模型版本": "1.0.0",
  "训练时间": "2025-12-31T14:20:28.052227",
  "训练样本数": 353,
  "测试样本数": 89,
  "特征数量": 10,
  "特征名称": [
    "age",
    "sex",
    "bmi",
    "bp",
    "s1",
    "s2",
    "s3",
    "s4",
    "s5",
    "s6"
  ],
  "训练集R²": 0.5279193863361498,
  "测试集R²": 0.4526027629719197,
  "训练集RMSE": 53.55884336723094,
  "测试集RMSE": 53.853445836765914,
  "性能评估": {
    "训练集": {
      "R²": 0.5279193863361498,
      "RMSE": 53.55884336723094,
      "MAE": 43.4835035239804
    },
    "测试集": {
      "R²": 0.4526027629719197,
      "RMSE": 53.853445836765914,
      "MAE": 42.79409467959994
    }
  },
  "模型参数": {
    "intercept": 151.34560453985995,
    "coefficients": {
      "age": 37.90402135007452,
      "sex": -241.9643623127402,
      "bmi": 542.4287585162903,
      "bp": 347.7038439138558,
      "s1": -931.4888458835153,
      "s2": 518.0622769833369,
      "s3": 163.41998299131072,
      "s4": 275.31790157864845,
      "s5": 736.1988589046842,
      "s6": 48.67065743196525
    }
  },
  "是否可投入生产": true
}